id,first_name,last_name,email,gender,city,country
1,Starlene,Doget,sdoget0@msu.edu,Female,Tanarara,Indonesia
2,Cyrillus,Rittmeier,crittmeier1@discovery.com,Male,Fedorovka,Kazakhstan
3,Ginelle,Yvon,gyvon2@pinterest.com,Female,Luksuhin,Philippines
4,Bartlett,Tranckle,btranckle3@senate.gov,Male,Dengzhuang,China
5,Gene,Joburn,gjoburn4@zimbio.com,Female,Buenos Aires,Mexico
6,Dennet,Filipiak,dfilipiak5@discovery.com,Male,Jin’an,China
7,Maxwell,Aery,maery6@japanpost.jp,Male,Wanling,China
8,Kym,Postgate,kpostgate7@google.cn,Female,Louisville,United States
9,Dewain,Rampage,drampage8@comsenz.com,Agender,Tongqiao,China
10,Mada,Pflieger,mpflieger9@cam.ac.uk,Female,Palca,Peru
11,Lydie,Lardeur,llardeura@artisteer.com,Female,Salem,Indonesia
12,Brina,Janovsky,bjanovskyb@engadget.com,Female,Kinloch,United Kingdom
13,Shayne,Berrygun,sberrygunc@sciencedirect.com,Male,Itapetinga,Brazil
14,Lacee,Seagood,lseagoodd@netscape.com,Female,Turgun,China
15,Twyla,Salvadore,tsalvadoree@cbsnews.com,Female,Jandaia do Sul,Brazil
16,Emmy,Dranfield,edranfieldf@t.co,Female,Amiens,France
17,Haven,Allett,hallettg@ow.ly,Male,Lapaz,Philippines
18,Wenda,Oxborough,woxboroughh@biglobe.ne.jp,Female,Paris 06,France
19,Anderea,Wiffen,awiffeni@slashdot.org,Female,Colca,Peru
20,Israel,Colwill,icolwillj@networkadvertising.org,Male,Sangiang,Indonesia
21,Theodor,Lavarack,tlavarackk@1688.com,Male,Rungis,France
22,Abbe,Kilfedder,akilfedderl@webeden.co.uk,Male,Dajasongai,Indonesia
23,Celia,Laslett,claslettm@wufoo.com,Female,Örebro,Sweden
24,Bendite,Ambrogio,bambrogion@jimdo.com,Female,Cikiwul Satu,Indonesia
25,Karly,McCully,kmccullyo@house.gov,Bigender,Jiahe,China
26,Yorgo,Welham,ywelhamp@loc.gov,Male,Jaunpils,Latvia
27,Filip,Benian,fbenianq@yellowpages.com,Male,Cabean,Indonesia
28,Winfred,Davidzon,wdavidzonr@hhs.gov,Male,Mazār-e Sharīf,Afghanistan
29,Susann,Cornwall,scornwalls@yahoo.com,Female,Fullerton,United States
30,Buck,Wheal,bwhealt@earthlink.net,Male,Vogan,Togo
31,Melody,Lorrie,mlorrieu@list-manage.com,Female,Xiwei,China
32,Hasty,Fountian,hfountianv@ustream.tv,Male,Reno,United States
33,Hube,Frankcombe,hfrankcombew@skype.com,Male,Dougang,China
34,Sara,Woolf,swoolfx@scribd.com,Genderqueer,Nakhon Ratchasima,Thailand
35,Frederick,Moxon,fmoxony@printfriendly.com,Male,Helsingborg,Sweden
36,Solly,Casajuana,scasajuanaz@epa.gov,Male,Stobreč,Croatia
37,Juliane,Shee,jshee10@businessinsider.com,Female,Ercheng,China
38,Harper,Baton,hbaton11@google.com.au,Male,Voyinka,Ukraine
39,Sallee,Monger,smonger12@parallels.com,Female,Rechka,Ukraine
40,Carley,Gomersal,cgomersal13@sphinn.com,Female,Rejasa Kaja,Indonesia
41,Jeramie,Frean,jfrean14@wikispaces.com,Male,Rato,Indonesia
42,Nevile,Stedson,nstedson15@google.co.jp,Polygender,Puerto Eldorado,Argentina
43,Garner,Sandry,gsandry16@ovh.net,Male,Huikou,China
44,Herc,Liggett,hliggett17@phoca.cz,Male,Fonte da Aldeia,Portugal
45,Joceline,Page,jpage18@hibu.com,Female,Gaocun,China
46,Sherri,Bagley,sbagley19@cornell.edu,Female,Codoi,China
47,Cori,Ragsdale,cragsdale1a@fema.gov,Female,Neuilly-sur-Seine,France
48,Malcolm,Hess,mhess1b@imgur.com,Male,Charlotte,United States
49,Nehemiah,Greated,ngreated1c@purevolume.com,Male,Iida,Japan
50,Nolie,Skough,nskough1d@purevolume.com,Female,Fiditi,Nigeria
51,Rennie,Deinert,rdeinert1e@furl.net,Female,Pallanchacra,Peru
52,Konstanze,Crips,kcrips1f@examiner.com,Female,Az Zarqā,Egypt
53,Edouard,Bertenshaw,ebertenshaw1g@umich.edu,Male,Horvati,Croatia
54,Kerry,Addey,kaddey1h@un.org,Male,Nancheng,China
55,Bjorn,Martyns,bmartyns1i@pbs.org,Male,Wuyang,China
56,Helyn,Kardos-Stowe,hkardosstowe1j@about.me,Female,Ningshan Chengguanzhen,China
57,Kurt,Trenholm,ktrenholm1k@shareasale.com,Male,Komarno,Ukraine
58,Margot,Smithers,msmithers1l@plala.or.jp,Female,Penebel,Indonesia
59,Crawford,Dalyiel,cdalyiel1m@ox.ac.uk,Male,Al Mukallā,Yemen
60,Nerissa,Baldree,nbaldree1n@yolasite.com,Female,Muff,Ireland
61,Domenic,Marfell,dmarfell1o@wisc.edu,Male,Porto-Novo,Benin
62,Abagail,Egerton,aegerton1p@ucoz.ru,Female,Arroyo Naranjo,Cuba
63,Lissie,Nichols,lnichols1q@msu.edu,Female,Ballylinan,Ireland
64,Ilyse,Henstone,ihenstone1r@trellian.com,Female,Łomża,Poland
65,Leonelle,Kornyakov,lkornyakov1s@ted.com,Bigender,Carot,Philippines
66,Annadiane,Rutt,arutt1t@deliciousdays.com,Female,Pontevedra,Argentina
67,Chiquita,Brownjohn,cbrownjohn1u@va.gov,Agender,Mosul,Iraq
68,Paulina,Slixby,pslixby1v@51.la,Female,Horta,Portugal
69,Neely,Govan,ngovan1w@archive.org,Genderfluid,Shangshaleng,China
70,Eddy,Atteridge,eatteridge1x@t.co,Male,Hamburg Winterhude,Germany
71,Gregor,Lowton,glowton1y@disqus.com,Male,Yirga ‘Alem,Ethiopia
72,Erasmus,Rosenhaus,erosenhaus1z@symantec.com,Male,Molochnoye,Russia
73,Windham,Rathbourne,wrathbourne20@yahoo.com,Male,Lonpao Dajah,Indonesia
74,Rand,Bouch,rbouch21@barnesandnoble.com,Male,Fougamou,Gabon
75,Aleen,Frobisher,afrobisher22@intel.com,Female,Qadsīyā,Syria
76,Madeleine,Menel,mmenel23@hexun.com,Female,Jieshou,China
77,Armando,Bertomier,abertomier24@nsw.gov.au,Male,Washington,United States
78,Jeniece,Valentin,jvalentin25@home.pl,Female,Muzambinho,Brazil
79,Aeriela,Janeczek,ajaneczek26@digg.com,Female,Sang-e Chārak,Afghanistan
80,Annaliese,Stathor,astathor27@smh.com.au,Female,Senduro,Indonesia
81,Hubert,Fernihough,hfernihough28@wiley.com,Male,Vichuga,Russia
82,Antin,Owers,aowers29@dion.ne.jp,Male,Khoroshëvo-Mnevniki,Russia
83,Wanids,Vinick,wvinick2a@creativecommons.org,Female,Ji’an,China
84,Tulley,Bagnell,tbagnell2b@sourceforge.net,Male,Calaya,Philippines
85,Salome,Bronot,sbronot2c@nymag.com,Female,Krzynowłoga Mała,Poland
86,Nollie,Gunnell,ngunnell2d@vkontakte.ru,Female,Tampa,United States
87,Shela,Scoggan,sscoggan2e@craigslist.org,Female,Quinta do Sobrado,Portugal
88,Moselle,Pennycord,mpennycord2f@gmpg.org,Female,Modot,Mongolia
89,Glenda,Sustin,gsustin2g@twitpic.com,Female,Castedo,Portugal
90,Bevvy,Scollan,bscollan2h@technorati.com,Female,Viçosa,Brazil
91,Dell,Loughren,dloughren2i@ed.gov,Male,Sumurasin,Indonesia
92,Marchelle,Mayoh,mmayoh2j@nasa.gov,Female,Santa Cruz do Bispo,Portugal
93,Netta,Nehl,nnehl2k@virginia.edu,Female,Acarigua,Venezuela
94,Tony,Blann,tblann2l@mac.com,Female,Sudikampir,Indonesia
95,Denyse,Francom,dfrancom2m@icio.us,Female,Nebug,Russia
96,Jacinta,McNae,jmcnae2n@patch.com,Female,Santa Cruz,Mexico
97,Guenna,Mathiassen,gmathiassen2o@soundcloud.com,Female,Matayumtayum,Philippines
98,Vally,Ferie,vferie2p@examiner.com,Female,San Francisco,Philippines
99,Charley,Jenkin,cjenkin2q@walmart.com,Agender,Mhlambanyatsi,Swaziland
100,Binnie,Sutterfield,bsutterfield2r@networksolutions.com,Female,Batobato,Philippines
101,Laverne,O'Keaveny,lokeaveny2s@spiegel.de,Female,Madoi,China
102,Malinde,Tabor,mtabor2t@yelp.com,Female,Chenzhouzhai,China
103,Raynell,Hammel,rhammel2u@biblegateway.com,Female,Heishan,China
104,Vicki,McMenamie,vmcmenamie2v@networksolutions.com,Female,Newala Kisimani,Tanzania
105,Rory,Myrie,rmyrie2w@exblog.jp,Genderfluid,Faaa,French Polynesia
106,Lebbie,Hamley,lhamley2x@so-net.ne.jp,Female,Xianlong,China
107,Pasquale,Merle,pmerle2y@bravesites.com,Male,Ágios Vasíleios,Greece
108,Randy,Hariot,rhariot2z@storify.com,Female,Nam Phong,Thailand
109,Aundrea,Curcher,acurcher30@shop-pro.jp,Female,Chengkou,China
110,Marita,Rolley,mrolley31@free.fr,Female,Basail,Argentina
111,Herby,Pedley,hpedley32@reuters.com,Male,Lyubim,Russia
112,Faun,Paynter,fpaynter33@cbslocal.com,Female,Tehetu,China
113,Chadwick,Scattergood,cscattergood34@hugedomains.com,Agender,Julun,China
114,Gibbie,Hould,ghould35@google.com.br,Male,Vilppula,Finland
115,Reube,Olyunin,rolyunin36@ca.gov,Male,Nerk’in Getashen,Armenia
116,Valerye,Tattersdill,vtattersdill37@indiegogo.com,Genderqueer,Bragança,Brazil
117,Fiona,Toby,ftoby38@salon.com,Female,West End,Canada
118,Wakefield,Ovize,wovize39@businessweek.com,Male,Qingjiang,China
119,Winn,Antonognoli,wantonognoli3a@blog.com,Male,Mekkaw,Nigeria
120,Ezequiel,Chartres,echartres3b@domainmarket.com,Male,Oematnunu,Indonesia
121,Artemis,Celli,acelli3c@bloglovin.com,Male,San Diego,United States
122,Jacqueline,Gail,jgail3d@ucsd.edu,Female,Talnakh,Russia
123,Ryann,Brennans,rbrennans3e@php.net,Female,Yuyapichis,Peru
124,Arther,Windeatt,awindeatt3f@princeton.edu,Male,Oskarshamn,Sweden
125,Bondie,Sproule,bsproule3g@hubpages.com,Male,Sumberrejo,Indonesia
126,Selia,Mamwell,smamwell3h@epa.gov,Female,Stockholm,Sweden
127,Ellyn,McCaghan,emccaghan3i@w3.org,Female,Blois,France
128,Orly,Youll,oyoull3j@blogspot.com,Bigender,San Antonio de Los Altos,Venezuela
129,Clemmy,Ginnell,cginnell3k@google.nl,Male,Amarete,Bolivia
130,Giovanna,Ruggier,gruggier3l@feedburner.com,Female,Novoselec,Croatia
131,Kai,Duberry,kduberry3m@wikispaces.com,Female,Agrínio,Greece
132,Marlon,Huggett,mhuggett3n@wufoo.com,Male,Andrézieux-Bouthéon,France
133,Arte,Moir,amoir3o@disqus.com,Male,Sapu Padidu,Philippines
134,Lonnard,Hardan,lhardan3p@engadget.com,Male,Nōgata,Japan
135,Vachel,Andreoletti,vandreoletti3q@slate.com,Male,Sydney,Australia
136,Sharlene,McComiskie,smccomiskie3r@seesaa.net,Non-binary,Bełsznica,Poland
137,Dieter,Latliff,dlatliff3s@usatoday.com,Male,Montpellier,France
138,Alicia,Thuillier,athuillier3t@ask.com,Polygender,Berkovitsa,Bulgaria
139,Raimundo,Clee,rclee3u@harvard.edu,Non-binary,Rungis,France
140,Turner,Trevithick,ttrevithick3v@csmonitor.com,Male,Jianghua,China
141,Zed,Grund,zgrund3w@mit.edu,Male,Wan’an,China
142,Margaretha,Hansbury,mhansbury3x@springer.com,Female,Dobra,Poland
143,Pearl,Coombe,pcoombe3y@imdb.com,Female,Götene,Sweden
144,Tildi,Coldtart,tcoldtart3z@ask.com,Female,Palikir - National Government Center,Micronesia
145,Ahmad,Picheford,apicheford40@1688.com,Bigender,Darunban,Indonesia
146,Ermin,Rimington,erimington41@flickr.com,Male,Yiyang,China
147,Florette,McEvay,fmcevay42@wikispaces.com,Female,Kafr Zībād,Palestinian Territory
148,Ruby,Suatt,rsuatt43@washingtonpost.com,Male,Le Pontet,France
149,Vernice,Trunkfield,vtrunkfield44@slashdot.org,Female,Parabon,Indonesia
150,Annelise,Turbard,aturbard45@uiuc.edu,Female,Wanling,China
151,Lancelot,Bending,lbending46@dailymail.co.uk,Male,Seropédica,Brazil
152,Daisy,Gaskin,dgaskin47@blogtalkradio.com,Female,Banjar Batuaji Kaja,Indonesia
153,Raviv,Henriksson,rhenriksson48@wunderground.com,Male,Studená,Czech Republic
154,Nevsa,Swinerd,nswinerd49@businesswire.com,Female,Nagasari,Indonesia
155,Jecho,Orto,jorto4a@who.int,Male,Jiangqiao,China
156,Lorilee,McCafferky,lmccafferky4b@rambler.ru,Genderqueer,Dokuchayevs’k,Ukraine
157,Iormina,Brockest,ibrockest4c@livejournal.com,Female,Noebesa,Indonesia
158,Aarika,Murtagh,amurtagh4d@state.gov,Genderfluid,Casselman,Canada
159,Othelia,Boston,oboston4e@51.la,Female,Tangjiakou,China
160,Grady,Elintune,gelintune4f@independent.co.uk,Male,Liquica,East Timor
161,Deeann,Hinchshaw,dhinchshaw4g@discuz.net,Female,Pashiya,Russia
162,Tera,Harkus,tharkus4h@kickstarter.com,Female,Buenavista,Mexico
163,Jobina,Brandon,jbrandon4i@etsy.com,Female,Chongjin,North Korea
164,Charlene,Cockshott,ccockshott4j@wordpress.com,Female,Shanghu,China
165,Doralin,Grimditch,dgrimditch4k@merriam-webster.com,Female,Qiqian,China
166,Cordelia,Hardison,chardison4l@chronoengine.com,Female,Kajok,South Sudan
167,May,Crissil,mcrissil4m@google.co.jp,Female,Oskarshamn,Sweden
168,Rycca,Tappor,rtappor4n@msn.com,Agender,Aleksandrovskiy Zavod,Russia
169,Kele,Shailer,kshailer4o@scribd.com,Male,Nangkaruka,Indonesia
170,Sansone,Trevethan,strevethan4p@mediafire.com,Male,Kuangsan,Indonesia
171,Petr,Fawthrop,pfawthrop4q@artisteer.com,Male,Kayan,Myanmar
172,Jaimie,Edgeworth,jedgeworth4r@examiner.com,Male,Kolaka,Indonesia
173,Joanie,Armstead,jarmstead4s@hostgator.com,Female,Hulei,China
174,Myrtice,Ferreri,mferreri4t@craigslist.org,Female,Allada,Benin
175,Eleonore,Spada,espada4u@posterous.com,Female,Bertioga,Brazil
176,Rodie,Vevers,rvevers4v@state.gov,Female,Alto del Espino,Panama
177,Bunni,Arendt,barendt4w@amazonaws.com,Female,Chengguan,China
178,Tessie,Arnot,tarnot4x@amazon.com,Polygender,Parizh,Russia
179,Bamby,Trace,btrace4y@typepad.com,Non-binary,Gobernador Ingeniero Valentín Virasoro,Argentina
180,Munroe,Skellion,mskellion4z@weebly.com,Male,Pomahuaca,Peru
181,Guillaume,Meneo,gmeneo50@ezinearticles.com,Male,Lelystad,Netherlands
182,Cobby,Risely,crisely51@live.com,Polygender,Salinungan Proper,Philippines
183,Rosalinde,Stanney,rstanney52@foxnews.com,Female,Cedar Rapids,United States
184,Eadmund,Paliser,epaliser53@jimdo.com,Male,Bilian,China
185,Joanna,Pina,jpina54@about.com,Female,Oslo,Norway
186,Tana,Cavie,tcavie55@exblog.jp,Female,Janakpur,Nepal
187,Ringo,Yablsley,ryablsley56@github.io,Male,Chaoyang,China
188,Conroy,Gornal,cgornal57@umich.edu,Male,Sanyang,China
189,Wini,Aickin,waickin58@paypal.com,Female,Nidri,Greece
190,Rubie,Harcombe,rharcombe59@huffingtonpost.com,Female,Sidrolândia,Brazil
191,Morly,Abramowsky,mabramowsky5a@homestead.com,Male,Kupiskis,Lithuania
192,Tiebout,Bazley,tbazley5b@printfriendly.com,Male,Bagakay,Philippines
193,Hernando,Ciric,hciric5c@posterous.com,Agender,Samaipata,Bolivia
194,Charo,Carabine,ccarabine5d@samsung.com,Female,Tawangrejo,Indonesia
195,Valli,Casarino,vcasarino5e@bravesites.com,Female,Tiegai,China
196,Trescha,Kitcherside,tkitcherside5f@yolasite.com,Female,Liangjing,China
197,Gabbie,Caseri,gcaseri5g@scribd.com,Genderfluid,Sangpi,China
198,Beale,Vernon,bvernon5h@rediff.com,Male,Chengguan,China
199,Kermy,Orgee,korgee5i@simplemachines.org,Male,Zākhū,Iraq
200,Meg,Clymer,mclymer5j@is.gd,Female,Biaoshan,China
201,Alexi,Dearnaley,adearnaley5k@dropbox.com,Female,San Jose,Philippines
202,Jenica,Pinwill,jpinwill5l@netlog.com,Female,Maae,Indonesia
203,Gerardo,Pladen,gpladen5m@prnewswire.com,Male,Gulao,China
204,Cheryl,Chaunce,cchaunce5n@toplist.cz,Female,Anicuns,Brazil
205,Karna,Devine,kdevine5o@ftc.gov,Female,La Huaca,Peru
206,Hesther,Risom,hrisom5p@admin.ch,Female,Xinchengzi,China
207,Celestina,Klemps,cklemps5q@rambler.ru,Female,Kuala Terengganu,Malaysia
208,Antone,Brandsen,abrandsen5r@issuu.com,Male,Paranapanema,Brazil
209,Ray,Ropcke,rropcke5s@livejournal.com,Female,Phú Lộc,Vietnam
210,Dore,Aleshintsev,daleshintsev5t@amazonaws.com,Non-binary,Fotolívos,Greece
211,Meg,O'Corrigane,mocorrigane5u@loc.gov,Female,Kitui,Kenya
212,Reed,Kraut,rkraut5v@goodreads.com,Polygender,Padangtepung,Indonesia
213,Reba,Sexstone,rsexstone5w@nba.com,Female,Aso,Japan
214,Ogdon,Hitscher,ohitscher5x@accuweather.com,Male,Guamal,Colombia
215,Mureil,Elsip,melsip5y@fastcompany.com,Female,Birendranagar,Nepal
216,Ralf,Paoli,rpaoli5z@amazon.com,Male,Salas,Peru
217,Joel,Lindback,jlindback60@oakley.com,Male,Tchoban Bey,Syria
218,Corella,Freiberg,cfreiberg61@odnoklassniki.ru,Female,Mūsá Qal‘ah,Afghanistan
219,Rosco,Mallia,rmallia62@bloglovin.com,Male,Yanshi,China
220,Delores,Claye,dclaye63@senate.gov,Female,Gargaliánoi,Greece
221,Bea,Silveston,bsilveston64@blogs.com,Female,San Isidro,Mexico
222,Patton,Jaukovic,pjaukovic65@usda.gov,Male,Cheyenne,United States
223,Herold,Capstaff,hcapstaff66@weebly.com,Male,Watodei,Indonesia
224,Reed,Rushby,rrushby67@narod.ru,Male,Correntina,Brazil
225,Nero,Weald,nweald68@kickstarter.com,Male,Casal da Serra,Portugal
226,Maryl,Kibbye,mkibbye69@mit.edu,Female,Slobodskoy,Russia
227,Fee,Fieldstone,ffieldstone6a@vkontakte.ru,Male,Vinhedo,Brazil
228,Peri,Sudran,psudran6b@msu.edu,Female,Peredovaya,Russia
229,Saw,Philipeau,sphilipeau6c@patch.com,Agender,Lazaro Cardenas,Mexico
230,Shawna,Vallantine,svallantine6d@uol.com.br,Female,Oslo,Norway
231,Gerri,Congrave,gcongrave6e@amazon.de,Male,Kruengraya,Indonesia
232,Tobye,Sweating,tsweating6f@uol.com.br,Female,Kranuan,Thailand
233,Claiborne,Cutridge,ccutridge6g@diigo.com,Male,Sritanjung,Indonesia
234,Guinna,Woodyer,gwoodyer6h@icio.us,Female,Kunduz,Afghanistan
235,Nolie,Gipp,ngipp6i@omniture.com,Female,Jermuk,Armenia
236,Rancell,Pilger,rpilger6j@acquirethisname.com,Bigender,Sarzedo,Portugal
237,Shadow,Grishaev,sgrishaev6k@wunderground.com,Male,Neópolis,Brazil
238,Dougie,Sneden,dsneden6l@trellian.com,Male,Simo Satu,Indonesia
239,Husein,Selvey,hselvey6m@sina.com.cn,Male,Parkent,Uzbekistan
240,Husain,Awde,hawde6n@netlog.com,Male,Şūr,Oman
241,Derrick,Delnevo,ddelnevo6o@friendfeed.com,Male,Suisan,South Korea
242,Daffie,MacGeaney,dmacgeaney6p@prlog.org,Non-binary,Barbosa,Colombia
243,Bethany,Gusticke,bgusticke6q@tmall.com,Female,Boconó,Venezuela
244,Wendeline,Ridout,wridout6r@go.com,Female,Pyhäselkä,Finland
245,Livvyy,Pykerman,lpykerman6s@skyrock.com,Female,Shigongqiao,China
246,Lindy,Carlesso,lcarlesso6t@foxnews.com,Male,San Agustin,Philippines
247,Godart,M'Quharge,gmquharge6u@dot.gov,Male,Churubamba,Peru
248,Lotty,Lushey,llushey6v@ebay.co.uk,Female,Shagang,China
249,Christen,Phelan,cphelan6w@bing.com,Female,Krasnoye,Russia
250,Jonah,Rive,jrive6x@yellowpages.com,Male,Duwakkandung,Indonesia
251,Nolie,Francesco,nfrancesco6y@domainmarket.com,Female,Boticas,Portugal
252,Florian,Burmingham,fburmingham6z@wikipedia.org,Polygender,Gueset,Philippines
253,Valentijn,Chazette,vchazette70@reddit.com,Male,La Jagua de Ibirico,Colombia
254,Granthem,Talby,gtalby71@go.com,Male,Saint Helier,Jersey
255,Silvan,Westell,swestell72@1688.com,Male,Wiang Chiang Rung,Thailand
256,Tucky,Clutterham,tclutterham73@sphinn.com,Male,Klana,Croatia
257,Clotilda,O'Flaverty,coflaverty74@histats.com,Female,Jaworze,Poland
258,Arda,Coole,acoole75@ihg.com,Female,Pangao,Philippines
259,Tiffanie,Fautley,tfautley76@flavors.me,Female,Tualeu,Indonesia
260,Far,Loram,floram77@intel.com,Male,Spuž,Montenegro
261,Reina,Dellit,rdellit78@seattletimes.com,Female,Mwaya,Tanzania
262,Morena,Ogley,mogley79@hexun.com,Female,Jackson,United States
263,Susannah,Sawtell,ssawtell7a@t-online.de,Female,Boshi,China
264,Nerti,Sargison,nsargison7b@de.vu,Female,Springfield,United States
265,Hadleigh,Dunklee,hdunklee7c@sbwire.com,Male,Vide,Portugal
266,Derrick,Du Fray,ddufray7d@pagesperso-orange.fr,Male,Helong,China
267,Georgianne,Cough,gcough7e@altervista.org,Female,Boden,Sweden
268,Chane,Glendza,cglendza7f@smh.com.au,Polygender,Yanji,China
269,Madlin,Rowbotham,mrowbotham7g@ted.com,Female,Gandekan,Indonesia
270,Christopher,Aguilar,caguilar7h@jiathis.com,Male,Chotepe,Honduras
271,Mora,Echelle,mechelle7i@adobe.com,Female,Ni’ao,China
272,Marv,Christiensen,mchristiensen7j@gmpg.org,Genderqueer,Marseille,France
273,Desiree,Szubert,dszubert7k@addthis.com,Female,Três de Maio,Brazil
274,Timothy,Andrioli,tandrioli7l@dion.ne.jp,Male,Ziketan,China
275,Casey,Corhard,ccorhard7m@alibaba.com,Non-binary,Córdoba,Colombia
276,Marketa,Arlidge,marlidge7n@weather.com,Genderfluid,Gexi,China
277,Tiffanie,Mc Kellen,tmckellen7o@edublogs.org,Female,Clarin,Philippines
278,Marcella,Wiggin,mwiggin7p@tuttocitta.it,Female,Rostokino,Russia
279,Titus,Scritch,tscritch7q@sogou.com,Male,Umm Sa‘īd,Qatar
280,Nickolas,Wein,nwein7r@networksolutions.com,Male,Tapado,Portugal
281,Waldemar,Dinzey,wdinzey7s@yahoo.co.jp,Male,Hadyach,Ukraine
282,Harold,Folan,hfolan7t@yahoo.co.jp,Polygender,Alor Setar,Malaysia
283,Rowland,Leadley,rleadley7u@blogtalkradio.com,Male,Tochio-honchō,Japan
284,Nolly,Rutley,nrutley7v@aboutads.info,Male,Tinawagan,Philippines
285,Jennica,Kitley,jkitley7w@addtoany.com,Female,Serrinha,Portugal
286,Conan,Holliar,cholliar7x@bluehost.com,Male,Dalupirip,Philippines
287,Katharyn,Palia,kpalia7y@theatlantic.com,Female,Krajan Caluk,Indonesia
288,Camel,Yglesias,cyglesias7z@flickr.com,Female,Jiayi,China
289,Arlina,Eunson,aeunson80@prlog.org,Female,Qingzhou,China
290,Almira,Copnell,acopnell81@biglobe.ne.jp,Agender,Vrsi,Croatia
291,Nevin,Parramore,nparramore82@globo.com,Male,Bocana de Paiwas,Nicaragua
292,Sena,Heathcott,sheathcott83@about.me,Female,Vólos,Greece
293,Shanna,Tofts,stofts84@guardian.co.uk,Female,Syrostan,Russia
294,Carlie,Jankin,cjankin85@hhs.gov,Female,Tancheng,China
295,Thomasa,Minnock,tminnock86@cam.ac.uk,Female,Bakıxanov,Azerbaijan
296,Lizette,Rappaport,lrappaport87@t-online.de,Female,Fenais da Ajuda,Portugal
297,Gerald,Turfus,gturfus88@macromedia.com,Male,Novyy Starodub,Ukraine
298,Duff,Kryska,dkryska89@hao123.com,Male,General Ramírez,Argentina
299,Patrick,Easen,peasen8a@merriam-webster.com,Male,Otun,Nigeria
300,Lira,Dodwell,ldodwell8b@stanford.edu,Female,Stalbe,Latvia
301,Shermy,Goose,sgoose8c@joomla.org,Male,Curibaya,Peru
302,Thomasine,Farryan,tfarryan8d@jiathis.com,Female,Belén de Umbría,Colombia
303,Oliver,Checkley,ocheckley8e@e-recht24.de,Male,Santo Domingo,Philippines
304,Ibbie,Joanaud,ijoanaud8f@vinaora.com,Female,Changtang,China
305,Isiahi,Morritt,imorritt8g@army.mil,Male,Lengkongbarang,Indonesia
306,Joachim,Farrants,jfarrants8h@elegantthemes.com,Male,Sepolong Timur,Indonesia
307,Kaine,O' Connell,koconnell8i@about.me,Male,Xiapu,China
308,Pearla,Loan,ploan8j@arstechnica.com,Female,Baykonyr,Kazakhstan
309,Gweneth,Oxenden,goxenden8k@nytimes.com,Female,Banqiao,China
310,Car,Scullard,cscullard8l@answers.com,Male,Leribe,Lesotho
311,Bruno,McFaul,bmcfaul8m@gov.uk,Male,Kaliuda,Indonesia
312,Justis,Younger,jyounger8n@time.com,Male,Baclayon,Philippines
313,Shandy,Wastall,swastall8o@sohu.com,Non-binary,Qukou,China
314,Arabele,Parkhouse,aparkhouse8p@barnesandnoble.com,Female,Jiukou,China
315,Johnathon,Docker,jdocker8q@domainmarket.com,Male,Yuanyang,China
316,Terrie,O'Hanley,tohanley8r@g.co,Non-binary,Toong,Philippines
317,Neil,Ilyukhov,nilyukhov8s@storify.com,Polygender,Baidian,China
318,Melodie,Wringe,mwringe8t@multiply.com,Female,Amfíkleia,Greece
319,Gustaf,Tremayle,gtremayle8u@prlog.org,Male,Tandzut,Armenia
320,Estella,Littrik,elittrik8v@liveinternet.ru,Non-binary,Ngangpo,Indonesia
321,Olly,Scullard,oscullard8w@yellowpages.com,Male,Syzran’,Russia
322,Judas,De Paepe,jdepaepe8x@time.com,Male,Datian,China
323,Faustine,Emor,femor8y@loc.gov,Female,Baishi,China
324,Alie,Roxbee,aroxbee8z@sina.com.cn,Female,Shebunino,Russia
325,Phillida,Verlander,pverlander90@mail.ru,Female,Jinhai,China
326,Tore,McParland,tmcparland91@pen.io,Male,Hakodate,Japan
327,Mort,Gibbonson,mgibbonson92@sakura.ne.jp,Male,Dingdian,China
328,Aileen,Stigell,astigell93@shinystat.com,Female,Pavlovsk,Russia
329,Chelsey,Spreadbury,cspreadbury94@digg.com,Female,Nakhon Luang,Thailand
330,Edith,McAdam,emcadam95@apache.org,Female,Krajan,Indonesia
331,Freeland,Doutch,fdoutch96@paypal.com,Male,Albania,Colombia
332,Mandel,Tilbrook,mtilbrook97@posterous.com,Male,København,Denmark
333,Ferdinande,Lishmund,flishmund98@google.es,Female,Nguigmi,Niger
334,Sonnie,Garnsworthy,sgarnsworthy99@dagondesign.com,Male,Oni,Indonesia
335,Wainwright,Gately,wgately9a@theglobeandmail.com,Male,Tomohon,Indonesia
336,Constantino,Dimnage,cdimnage9b@mapy.cz,Male,Крива Паланка,Macedonia
337,Eloise,Reynish,ereynish9c@huffingtonpost.com,Female,Palmerston North,New Zealand
338,Tod,Kryska,tkryska9d@ca.gov,Male,San Francisco,Mexico
339,Thelma,Fearenside,tfearenside9e@joomla.org,Female,Danxi,China
340,Gaylord,Wimbridge,gwimbridge9f@nba.com,Agender,Shatalovo,Russia
341,Moshe,Sherringham,msherringham9g@nationalgeographic.com,Male,Tanakbeak Daye,Indonesia
342,Rosanne,Stitle,rstitle9h@goo.gl,Agender,Mazār-e Sharīf,Afghanistan
343,Buiron,Buist,bbuist9i@biglobe.ne.jp,Male,Zhdanov,Armenia
344,Atlante,Griffin,agriffin9j@nytimes.com,Female,Kromy,Russia
345,Anna-diana,McGing,amcging9k@de.vu,Female,Karuk,Indonesia
346,Derrik,Morena,dmorena9l@posterous.com,Male,Valladolid,Spain
347,Peter,Rochester,prochester9m@cmu.edu,Male,Linköping,Sweden
348,Jemmie,Dy,jdy9n@angelfire.com,Female,São Luís do Quitunde,Brazil
349,Nerty,Tierney,ntierney9o@tamu.edu,Female,Algarrobo,Colombia
350,Duffie,Kiehne,dkiehne9p@ucsd.edu,Male,Hanyuan,China
351,Welby,Adolfson,wadolfson9q@whitehouse.gov,Genderfluid,Svetlyy,Russia
352,Beverley,Menhenitt,bmenhenitt9r@dailymotion.com,Female,Aguachica,Colombia
353,Brod,Goldsack,bgoldsack9s@springer.com,Male,Yuewan,China
354,Rowan,Pernell,rpernell9t@trellian.com,Male,Yangmiao,China
355,Jackqueline,Dunsire,jdunsire9u@theglobeandmail.com,Female,Kapinango,Indonesia
356,Brendis,Abrahm,babrahm9v@scribd.com,Male,Clermont-Ferrand,France
357,Bertine,Tort,btort9w@kickstarter.com,Female,Kaolack,Senegal
358,Lanny,Scarlet,lscarlet9x@senate.gov,Genderqueer,Hongwŏn,North Korea
359,Morgan,Strond,mstrond9y@disqus.com,Male,Baisha,China
360,Kelcey,Redwall,kredwall9z@webmd.com,Female,Úštěk,Czech Republic
361,Ashien,Sanches,asanchesa0@guardian.co.uk,Female,Sendangagung,Indonesia
362,Kile,McGray,kmcgraya1@shutterfly.com,Male,Warnes,Bolivia
363,Basilius,Delatour,bdelatoura2@csmonitor.com,Male,Binabaan,Philippines
364,Pam,Witcherley,pwitcherleya3@moonfruit.com,Female,Santana do Paraíso,Brazil
365,Electra,Corsar,ecorsara4@usnews.com,Non-binary,Jatisari,Indonesia
366,Sherwynd,Guys,sguysa5@irs.gov,Male,Langchuan,China
367,Minnaminnie,Ellinor,mellinora6@linkedin.com,Female,Wulan Haye,China
368,Fleur,Cornier,fcorniera7@sitemeter.com,Female,Volodars’k-Volyns’kyy,Ukraine
369,Beaufort,Bradd,bbradda8@state.gov,Male,Garoua,Cameroon
370,Issy,Dundin,idundina9@github.com,Female,Energetik,Russia
371,Gifford,Coite,gcoiteaa@dion.ne.jp,Male,Colón,Cuba
372,Jamie,Caughan,jcaughanab@earthlink.net,Male,Corujeira,Portugal
373,Roxie,O'Howbane,rohowbaneac@smugmug.com,Female,San Diego,Mexico
374,Slade,Perring,sperringad@accuweather.com,Male,Aţ Ţaybah,Palestinian Territory
375,Tamiko,Chaudrelle,tchaudrelleae@1688.com,Female,Torsås,Sweden
376,Michael,Cabrales,mcabralesaf@drupal.org,Non-binary,Patani,Nigeria
377,Gaspar,Rumbellow,grumbellowag@umich.edu,Male,Senada,Morocco
378,Therine,Mordan,tmordanah@tinyurl.com,Female,Pilpichaca,Peru
379,Terese,Gorse,tgorseai@pagesperso-orange.fr,Female,Renhe,China
380,Emmalyn,Kaes,ekaesaj@elegantthemes.com,Female,Saint-Pierre,Reunion
381,Cassandry,Lutz,clutzak@phpbb.com,Female,Dawan,Indonesia
382,Cahra,Dawbury,cdawburyal@vimeo.com,Female,Wakaseko,Indonesia
383,Jedidiah,Fairest,jfairestam@fda.gov,Male,Bonanza,Nicaragua
384,Alasteir,Killner,akillneran@infoseek.co.jp,Male,Umeå,Sweden
385,Carolin,Sancroft,csancroftao@mapy.cz,Female,Göteborg,Sweden
386,Susanetta,Firth,sfirthap@printfriendly.com,Female,Nafada,Nigeria
387,Morly,Larkcum,mlarkcumaq@slashdot.org,Male,Furukawa,Japan
388,Max,Wanjek,mwanjekar@e-recht24.de,Male,Antigonish,Canada
389,Maddi,Boswell,mboswellas@jalbum.net,Female,Benito Juarez,Mexico
390,Melisent,Shankle,mshankleat@de.vu,Female,Manggu,Indonesia
391,Aubrie,Leverson,aleversonau@yandex.ru,Female,Banraeaba Village,Kiribati
392,Magdalena,Crosbie,mcrosbieav@pcworld.com,Female,Cacheu,Guinea-Bissau
393,Mathe,Joannic,mjoannicaw@youku.com,Male,Suhopolje,Croatia
394,Morissa,Shugg,mshuggax@symantec.com,Female,Kerasochóri,Greece
395,Janina,Newbegin,jnewbeginay@scientificamerican.com,Female,Mollas,Albania
396,Donetta,Menere,dmenereaz@hao123.com,Female,Bavorov,Czech Republic
397,Horatio,Wathall,hwathallb0@icq.com,Male,Vesoul,France
398,Dolph,Aimson,daimsonb1@hp.com,Male,Ansongo,Mali
399,Karole,Cartwight,kcartwightb2@istockphoto.com,Female,Cihampelas,Indonesia
400,Janaye,Gaddas,jgaddasb3@un.org,Female,Liudu,China
401,Claudie,Lyford,clyfordb4@bravesites.com,Female,Manique de Baixo,Portugal
402,Sarine,Vercruysse,svercruysseb5@desdev.cn,Female,Anse Royale,Seychelles
403,Talbert,Gazey,tgazeyb6@goo.gl,Male,São Martinho de Árvore,Portugal
404,Natala,Gartside,ngartsideb7@apache.org,Female,Cimanglid,Indonesia
405,Brian,Kupec,bkupecb8@goo.gl,Male,Jamaica,United States
406,Adelbert,Mouton,amoutonb9@nydailynews.com,Male,Irupi,Brazil
407,Humfrid,Turmell,hturmellba@shinystat.com,Male,Turochak,Russia
408,Perren,Tiplady,ptipladybb@aboutads.info,Male,Zengji,China
409,Hedvige,Preon,hpreonbc@marketwatch.com,Female,Yasothon,Thailand
410,Ashia,Wrixon,awrixonbd@icq.com,Female,Parreira,Portugal
411,Jayson,McAster,jmcasterbe@washingtonpost.com,Male,Gongnong,China
412,Sigrid,Mackness,smacknessbf@reddit.com,Female,Strančice,Czech Republic
413,Bernetta,Hakey,bhakeybg@so-net.ne.jp,Female,Zbraslav,Czech Republic
414,Kirsten,Emm,kemmbh@answers.com,Female,Tunggulsari,Indonesia
415,Onofredo,Isaaksohn,oisaaksohnbi@vimeo.com,Agender,Mozhong,China
416,Vannie,Gantlett,vgantlettbj@omniture.com,Bigender,Jimenez,Philippines
417,Holly,Waddilow,hwaddilowbk@ihg.com,Male,Arvika,Sweden
418,Berton,Tuberfield,btuberfieldbl@pinterest.com,Male,Pasauran,Indonesia
419,Waverly,Le Grand,wlegrandbm@techcrunch.com,Male,Nago,Japan
420,Shadow,Giacovazzo,sgiacovazzobn@domainmarket.com,Male,Kampinos,Poland
421,Terencio,Lorne,tlornebo@gov.uk,Male,Fuxi,China
422,Egbert,Arnoll,earnollbp@shutterfly.com,Male,Querocotillo,Peru
423,Etienne,Hatchett,ehatchettbq@si.edu,Male,Gegu,China
424,Wendell,Bartolijn,wbartolijnbr@discovery.com,Male,Cap-Santé,Canada
425,Glory,Demcak,gdemcakbs@canalblog.com,Female,Xinshidu,China
426,Kym,Beachamp,kbeachampbt@berkeley.edu,Female,Ialoveni,Moldova
427,Boycie,Ricold,bricoldbu@chicagotribune.com,Male,Yangdang,China
428,Raleigh,Di Biasio,rdibiasiobv@wikispaces.com,Male,Donetsk,Ukraine
429,Silva,Hurche,shurchebw@homestead.com,Female,Linquan,China
430,Guglielmo,Pont,gpontbx@va.gov,Male,Xihe,China
431,Thibaut,Hinrich,thinrichby@sina.com.cn,Male,Kalayemule,China
432,Eben,Barwick,ebarwickbz@shinystat.com,Male,Bone South,Philippines
433,Rey,Lambersen,rlambersenc0@admin.ch,Non-binary,Loma Alta,Mexico
434,Clemmie,Lerer,clererc1@mashable.com,Female,Zainsk,Russia
435,Marja,Siene,msienec2@jalbum.net,Female,Ijuí,Brazil
436,Elnore,Kmiec,ekmiecc3@free.fr,Female,Shazhenxi,China
437,Calley,Robart,crobartc4@com.com,Female,Águia Branca,Brazil
438,Sylvester,Tzarkov,stzarkovc5@odnoklassniki.ru,Male,Basey,Philippines
439,Ethel,McKeurton,emckeurtonc6@yellowbook.com,Female,Yunyan,China
440,Anselm,Jocic,ajocicc7@vinaora.com,Male,Yangzhuang,China
441,Sadella,Boncoeur,sboncoeurc8@myspace.com,Female,Simeykyne,Ukraine
442,Wiatt,Lumby,wlumbyc9@statcounter.com,Male,Hexi,China
443,Arleen,Gifkins,agifkinsca@elegantthemes.com,Bigender,Tangier,Morocco
444,Arda,Saylor,asaylorcb@jugem.jp,Female,Lousado,Portugal
445,Reinwald,Tole,rtolecc@sourceforge.net,Agender,Kolodeznyy,Russia
446,Arlana,Keppe,akeppecd@over-blog.com,Female,Sokolac,Bosnia and Herzegovina
447,Fairfax,Fipp,ffippce@example.com,Male,Muquiyauyo,Peru
448,Tobit,Thumim,tthumimcf@usatoday.com,Male,Jieshou,China
449,Westbrook,Pritchett,wpritchettcg@apple.com,Male,Gouqi,China
450,Aurea,Grinvalds,agrinvaldsch@hatena.ne.jp,Genderfluid,Kauhan,Indonesia
451,Hieronymus,Baulcombe,hbaulcombeci@columbia.edu,Male,Amarillo,United States
452,Lanita,Tallent,ltallentcj@java.com,Female,Maulawin,Philippines
453,Ted,Epsly,tepslyck@guardian.co.uk,Male,‘Abbāsābād,Iran
454,Olav,Kruse,okrusecl@imgur.com,Male,Warungbanten,Indonesia
455,Cchaddie,Tewkesberry,ctewkesberrycm@soundcloud.com,Male,Stockholm,Sweden
456,Hamel,Alvis,halviscn@shop-pro.jp,Male,Broshniv-Osada,Ukraine
457,Wilona,Giocannoni,wgiocannonico@vinaora.com,Female,Bohdalov,Czech Republic
458,Jennica,Vidyapin,jvidyapincp@unicef.org,Female,Kyenjojo,Uganda
459,Harwilll,MacCartair,hmaccartaircq@stumbleupon.com,Male,Los Angeles,United States
460,Kendricks,Mordaunt,kmordauntcr@technorati.com,Male,Santa Rosa,Mexico
461,Kinsley,Longmuir,klongmuircs@newsvine.com,Male,Xiamao,China
462,Cedric,De Blase,cdeblasect@answers.com,Male,Zarzal,Colombia
463,Dulce,Beare,dbearecu@miitbeian.gov.cn,Female,Sucha,Poland
464,Harlen,Simkins,hsimkinscv@sphinn.com,Male,Malabag,Philippines
465,Rees,Stickel,rstickelcw@live.com,Male,Leran Wetan,Indonesia
466,Florry,Dudding,fduddingcx@github.com,Female,General Galarza,Argentina
467,Latisha,O'Cuddie,locuddiecy@etsy.com,Female,Sukogunungkrajan,Indonesia
468,Sean,Leguey,slegueycz@edublogs.org,Female,Leuweheq,Indonesia
469,Fernandina,Tutsell,ftutselld0@pen.io,Female,Saipan,Northern Mariana Islands
470,Essa,Jacquot,ejacquotd1@blogger.com,Agender,Brea Pozo,Argentina
471,Cody,Pyffe,cpyffed2@macromedia.com,Male,Lefkoniko,Cyprus
472,Ara,Baldcock,abaldcockd3@wikimedia.org,Male,Zelenogorsk,Russia
473,Arlene,Tullot,atullotd4@ftc.gov,Female,Coroatá,Brazil
474,Barny,Witul,bwituld5@freewebs.com,Male,Francisco I Madero,Mexico
475,Minette,Worsom,mworsomd6@zdnet.com,Female,Emiliano Zapata,Mexico
476,Ulberto,Hoofe,uhoofed7@wikispaces.com,Male,Hrodna,Belarus
477,Lemuel,De Clairmont,ldeclairmontd8@quantcast.com,Male,Sighnaghi,Georgia
478,Ilka,Verrillo,iverrillod9@etsy.com,Female,Sritanjung,Indonesia
479,Perri,Curl,pcurlda@kickstarter.com,Female,Zebrzydowice,Poland
480,Hillery,Slessar,hslessardb@google.es,Male,Djounie,Lebanon
481,Payton,Everett,peverettdc@wikipedia.org,Male,Tovačov,Czech Republic
482,Chlo,McGrory,cmcgrorydd@a8.net,Female,Kimitsu,Japan
483,Elia,Sedman,esedmande@wufoo.com,Male,Delft,Netherlands
484,Camille,Bohden,cbohdendf@google.de,Female,Killorglin,Ireland
485,Karoly,Dalbey,kdalbeydg@google.nl,Male,Jajce,Bosnia and Herzegovina
486,Tabby,Wyre,twyredh@illinois.edu,Female,Glugu,Indonesia
487,Armstrong,Stapleford,astapleforddi@gravatar.com,Male,Bačka Topola,Serbia
488,Minetta,Fontell,mfontelldj@devhub.com,Female,Quatre Bornes,Mauritius
489,Klarrisa,Zecchetti,kzecchettidk@scribd.com,Female,Rondonópolis,Brazil
490,Louie,Early,learlydl@hugedomains.com,Male,Nanguzhuang,China
491,Heddie,Dickons,hdickonsdm@w3.org,Female,Kebon,Indonesia
492,Seumas,Duddell,sduddelldn@quantcast.com,Male,Chakaray,Afghanistan
493,Korrie,MacGeaney,kmacgeaneydo@dyndns.org,Female,Kadudampit,Indonesia
494,Crissie,Rowantree,crowantreedp@parallels.com,Female,Baroh,Indonesia
495,Halie,Maypes,hmaypesdq@google.com.au,Genderqueer,Huddinge,Sweden
496,Robinia,Mason,rmasondr@ocn.ne.jp,Female,Nerekhta,Russia
497,Kurtis,Tester,ktesterds@mtv.com,Male,Unidos,Philippines
498,Clarita,Scriven,cscrivendt@rakuten.co.jp,Female,Kadujajar,Indonesia
499,Dasi,Fitzpayn,dfitzpayndu@ihg.com,Female,Ráječko,Czech Republic
500,Hermia,Gierok,hgierokdv@google.com.hk,Female,Borgholm,Sweden
501,Libbie,Hefforde,lheffordedw@github.io,Female,Ḩadīdah,Syria
502,Damita,Kitcherside,dkitchersidedx@reverbnation.com,Female,Sanchahe,China
503,Sonnie,MacAiline,smacailinedy@go.com,Female,Yasinya,Ukraine
504,Melisande,Peterffy,mpeterffydz@oracle.com,Female,Jastrowie,Poland
505,Ogdon,Nealey,onealeye0@smh.com.au,Male,Tasīl,Syria
506,Barn,Junkin,bjunkine1@guardian.co.uk,Male,Del Campillo,Argentina
507,Aylmer,Barradell,abarradelle2@wiley.com,Male,El Carmen de Bolívar,Colombia
508,Adah,Dearnley,adearnleye3@redcross.org,Female,Dvin,Armenia
509,Shellie,Ferronier,sferroniere4@yellowpages.com,Female,Xin’andu,China
510,Lissie,Bote,lbotee5@g.co,Female,Ganxi,China
511,Sharity,Waplinton,swaplintone6@imageshack.us,Female,Paris 09,France
512,Paolo,Esterbrook,pesterbrooke7@sphinn.com,Male,Xiangzikou,China
513,Saunder,Jurkowski,sjurkowskie8@scientificamerican.com,Male,Anwen,China
514,Gladys,Mac Giany,gmacgianye9@addtoany.com,Female,Bukonyo,Tanzania
515,Alisha,Antonetti,aantonettiea@indiatimes.com,Female,Pontarlier,France
516,Bar,Greaves,bgreaveseb@github.com,Agender,Tomdibuloq,Uzbekistan
517,Hunt,Fransman,hfransmanec@w3.org,Male,Kalmar,Sweden
518,Essa,Lydiate,elydiateed@alexa.com,Female,Bafoussam,Cameroon
519,Jerrine,Krop,jkropee@mediafire.com,Female,Tegalgede,Indonesia
520,Paulie,Northern,pnorthernef@blinklist.com,Female,Struga,Macedonia
521,Mandy,Barthrup,mbarthrupeg@tinyurl.com,Female,Kaduketug,Indonesia
522,Lothario,Hover,lhovereh@fastcompany.com,Male,Sezures,Portugal
523,Christa,Tsar,ctsarei@over-blog.com,Female,Shahe,China
524,Tori,Gray,tgrayej@fda.gov,Genderfluid,Honoria,Peru
525,Donnell,Leifer,dleiferek@cnn.com,Male,Minneapolis,United States
526,Dorian,Pleasaunce,dpleasaunceel@wisc.edu,Female,Rathangan,Ireland
527,Desmund,Minucci,dminucciem@geocities.jp,Male,Koryukivka,Ukraine
528,Tommie,Hewins,thewinsen@unicef.org,Male,Capivari,Brazil
529,Ikey,Shotboulte,ishotboulteeo@mayoclinic.com,Male,Sonlit,Indonesia
530,Dani,Ferraretto,dferrarettoep@china.com.cn,Male,Wilcza,Poland
531,Roch,Hein,rheineq@artisteer.com,Non-binary,Les Cèdres,Canada
532,Fons,Dutteridge,fdutteridgeer@msu.edu,Male,Taramana,Indonesia
533,Hailee,Nelsen,hnelsenes@sbwire.com,Female,Enrile,Philippines
534,Francisco,Feldstein,ffeldsteinet@friendfeed.com,Male,Sumber,Indonesia
535,Jessalyn,Petrenko,jpetrenkoeu@elpais.com,Female,Best,Netherlands
536,Jacqui,McCosh,jmccoshev@cloudflare.com,Female,Yungay,Peru
537,Scott,Angier,sangierew@spotify.com,Male,Beicheng,China
538,Yorgo,Shane,yshaneex@digg.com,Male,Taishihe,China
539,Katleen,Schukert,kschukertey@archive.org,Female,Quimbaya,Colombia
540,Packston,Weed,pweedez@jiathis.com,Male,Abovyan,Armenia
541,Jakie,Lubomirski,jlubomirskif0@techcrunch.com,Male,Ipala,Guatemala
542,Heinrik,Tathacott,htathacottf1@tmall.com,Male,Daxing,China
543,Carolyn,Leeder,cleederf2@nsw.gov.au,Female,Kuangshan,China
544,Ulick,Balsdone,ubalsdonef3@quantcast.com,Male,Ingarö,Sweden
545,Adora,Haslehurst,ahaslehurstf4@umn.edu,Female,Boronów,Poland
546,Eliza,MacAleese,emacaleesef5@purevolume.com,Female,Nueva Helvecia,Uruguay
547,L;urette,Gullam,lgullamf6@alibaba.com,Genderqueer,Noupoort,South Africa
548,Alidia,Finch,afinchf7@amazon.com,Female,Sijiqing,China
549,Deanne,Aggio,daggiof8@acquirethisname.com,Female,Mjölby,Sweden
550,Karilynn,Sperry,ksperryf9@cam.ac.uk,Female,Tshela,Democratic Republic of the Congo
551,Tabby,Titchen,ttitchenfa@unesco.org,Male,Yanhe,China
552,Blancha,Culter,bculterfb@telegraph.co.uk,Female,Eastern Suburbs Mc,Australia
553,Maddi,Frenchum,mfrenchumfc@domainmarket.com,Female,Landskrona,Sweden
554,Eldon,Jeromson,ejeromsonfd@pen.io,Male,Ojo de Agua,Mexico
555,Tillie,Dimmer,tdimmerfe@godaddy.com,Female,La Ligua,Chile
556,Tami,Odgaard,todgaardff@biglobe.ne.jp,Female,Kamiiso,Japan
557,Buddy,Creyke,bcreykefg@shinystat.com,Male,Kobylí,Czech Republic
558,Birdie,Kalinsky,bkalinskyfh@plala.or.jp,Female,Maras,Peru
559,Nev,Banisch,nbanischfi@state.gov,Male,Elías,Colombia
560,Paxon,Valdes,pvaldesfj@twitpic.com,Bigender,Kristianstad,Sweden
561,Schuyler,Iannelli,siannellifk@wired.com,Male,Uglegorsk,Russia
562,Cinderella,Steaning,csteaningfl@seesaa.net,Female,Drohiczyn,Poland
563,Tracy,Matskiv,tmatskivfm@1und1.de,Male,Novo-Nikol’skoye,Russia
564,Perice,Gunningham,pgunninghamfn@domainmarket.com,Male,San José de los Remates,Nicaragua
565,Lona,Wyrill,lwyrillfo@addthis.com,Genderqueer,Alak,Indonesia
566,Marwin,Brimilcombe,mbrimilcombefp@businesswire.com,Male,Alabat,Philippines
567,Delphine,Oakton,doaktonfq@parallels.com,Female,Bafatá,Guinea-Bissau
568,Shaylynn,Derr,sderrfr@discovery.com,Female,Bida,Nigeria
569,Kaspar,Gerbl,kgerblfs@huffingtonpost.com,Male,Yarumal,Colombia
570,Chery,Ickovicz,cickoviczft@cpanel.net,Female,Uberlândia,Brazil
571,Guido,Matijevic,gmatijevicfu@zdnet.com,Male,Säffle,Sweden
572,Edith,Ranfield,eranfieldfv@trellian.com,Female,Huangyang,China
573,Debi,Champain,dchampainfw@slate.com,Genderqueer,Gang,Philippines
574,Herold,Gallie,hgalliefx@delicious.com,Male,Kinlough,Ireland
575,Mignonne,Howsley,mhowsleyfy@mozilla.com,Female,Spuž,Montenegro
576,Madelina,Wemm,mwemmfz@exblog.jp,Female,Beitou,China
577,Nara,Persian,npersiang0@oakley.com,Female,Jicun,China
578,Jecho,Suscens,jsuscensg1@instagram.com,Male,Kawambwa,Zambia
579,Maxine,Hulburt,mhulburtg2@cnn.com,Genderfluid,Murici,Brazil
580,Ky,Brownsett,kbrownsettg3@wikispaces.com,Male,Podporozh’ye,Russia
581,Glenn,Dimmer,gdimmerg4@nifty.com,Female,Iwaki,Japan
582,Dilan,Salvadori,dsalvadorig5@forbes.com,Male,Heihe,China
583,Elaine,Thoma,ethomag6@gizmodo.com,Female,Qiucun,China
584,Sandro,Meynell,smeynellg7@blinklist.com,Male,Paatan,Philippines
585,Gilli,Conville,gconvilleg8@ucsd.edu,Female,Langjun,China
586,Queenie,Grigoire,qgrigoireg9@admin.ch,Female,Liugou,China
587,Ernestus,Tokley,etokleyga@prnewswire.com,Male,Argayash,Russia
588,Randal,Ixer,rixergb@constantcontact.com,Male,Helsingborg,Sweden
589,Baily,Brumfitt,bbrumfittgc@people.com.cn,Genderqueer,Shuangxi,China
590,Mady,Brenard,mbrenardgd@feedburner.com,Female,Tierralta,Colombia
591,Christoper,Elwin,celwinge@intel.com,Male,Tsul-Ulaan,Mongolia
592,Gran,Ghest,gghestgf@msn.com,Male,Los Angeles,United States
593,Ellery,Cawte,ecawtegg@constantcontact.com,Bigender,El Crucero,Nicaragua
594,Mirabella,McBay,mmcbaygh@smh.com.au,Agender,Kunshan,China
595,Rubetta,Coole,rcoolegi@nifty.com,Female,Järfälla,Sweden
596,Guido,Mulrean,gmulreangj@mozilla.com,Male,Chadian,China
597,Verne,Sells,vsellsgk@fema.gov,Male,Irapa,Venezuela
598,Darnell,Boggish,dboggishgl@pen.io,Male,Nässjö,Sweden
599,Turner,Bockman,tbockmangm@oaic.gov.au,Male,Nova Cruz,Brazil
600,Zaccaria,Jedrasik,zjedrasikgn@apache.org,Bigender,Matmata,Morocco
601,Jedidiah,Royall,jroyallgo@sitemeter.com,Male,Samboan,Philippines
602,Linell,Wake,lwakegp@posterous.com,Female,Skövde,Sweden
603,Rodney,Brimmell,rbrimmellgq@whitehouse.gov,Male,Přimda,Czech Republic
604,Gavra,Rhymes,grhymesgr@scientificamerican.com,Female,Inriville,Argentina
605,Hersch,Larner,hlarnergs@w3.org,Male,Butel,Macedonia
606,Brett,Gethin,bgethingt@cisco.com,Male,Xianyi,China
607,Lon,Beceril,lbecerilgu@histats.com,Male,Altay,China
608,Garreth,Cullerne,gcullernegv@google.cn,Male,Tibiri,Niger
609,Scarlet,Spataro,sspatarogw@who.int,Female,Tsotsin-Yurt,Russia
610,Killie,Kembrey,kkembreygx@sciencedirect.com,Male,Shchigry,Russia
611,Lyda,Jerche,ljerchegy@netvibes.com,Female,Guaçuí,Brazil
612,Caesar,O'Connell,coconnellgz@theatlantic.com,Male,Orlando,United States
613,Sol,Varian,svarianh0@cbsnews.com,Male,Ban Lam Luk Ka,Thailand
614,Broderick,Brumble,bbrumbleh1@buzzfeed.com,Male,Baishuitan,China
615,Davy,Ruddiman,druddimanh2@cpanel.net,Male,Hexi,China
616,Chlo,Phinnessy,cphinnessyh3@opensource.org,Bigender,Longquan,China
617,Perkin,Bummfrey,pbummfreyh4@time.com,Male,Nivnice,Czech Republic
618,Klara,Boatwright,kboatwrighth5@yelp.com,Female,Maghār,Israel
619,Idelle,Axe,iaxeh6@cnbc.com,Genderfluid,Talaibon,Philippines
620,Chicky,Matyukon,cmatyukonh7@ehow.com,Male,Jingdu,China
621,Myrlene,Lovart,mlovarth8@theguardian.com,Genderqueer,Inya,Russia
622,Adriano,Nardrup,anardruph9@cargocollective.com,Male,Hyesan-si,North Korea
623,Kat,Kilfether,kkilfetherha@cocolog-nifty.com,Polygender,Ketanggi,Indonesia
624,Austina,Cassius,acassiushb@hexun.com,Non-binary,Tujing,China
625,Auria,Pegrum,apegrumhc@ucla.edu,Female,Ukata,Nigeria
626,Maryanne,Josupeit,mjosupeithd@youtube.com,Female,Nazrēt,Ethiopia
627,Cullie,Chillingworth,cchillingworthhe@51.la,Male,Hovås,Sweden
628,Chane,Tallant,ctallanthf@google.cn,Genderfluid,Baisha,China
629,Terri,Swapp,tswapphg@hp.com,Female,Lipník nad Bečvou,Czech Republic
630,Darby,Bembridge,dbembridgehh@bluehost.com,Male,Pampachiri,Peru
631,Othilia,Armor,oarmorhi@ustream.tv,Female,Bat Khela,Pakistan
632,Lissy,Carreyette,lcarreyettehj@123-reg.co.uk,Female,Sekarjalak,Indonesia
633,Leroi,Freschini,lfreschinihk@exblog.jp,Male,Malusac,Philippines
634,Alexandr,Bilbery,abilberyhl@auda.org.au,Male,Axioúpoli,Greece
635,Erek,Redler,eredlerhm@desdev.cn,Bigender,El Guapinol,Honduras
636,Haley,Schimon,hschimonhn@abc.net.au,Bigender,Nowy Staw,Poland
637,Carolee,Jansema,cjansemaho@google.de,Female,Alikalia,Sierra Leone
638,Skipton,Mumbey,smumbeyhp@pinterest.com,Male,Caála,Angola
639,Valene,Sedcole,vsedcolehq@ucsd.edu,Female,Jiantian,China
640,Natalee,Franks,nfrankshr@army.mil,Female,Melaka,Malaysia
641,Lyn,Healings,lhealingshs@chronoengine.com,Female,Dofa,Indonesia
642,Domingo,Beausang,dbeausanght@hud.gov,Agender,Changtang,China
643,Leroy,Dunlap,ldunlaphu@narod.ru,Male,Yongping,China
644,Ricky,De Freyne,rdefreynehv@wikispaces.com,Male,Ketara,Indonesia
645,Linet,Mance,lmancehw@themeforest.net,Female,Kittilä,Finland
646,Nanette,Grigorio,ngrigoriohx@narod.ru,Female,Urpay,Peru
647,Kendricks,Stollmeier,kstollmeierhy@friendfeed.com,Genderfluid,Tanbuqiao,China
648,Pete,Theobald,ptheobaldhz@usnews.com,Male,Tân Hòa,Vietnam
649,Effie,Gheerhaert,egheerhaerti0@csmonitor.com,Female,Huanoquite,Peru
650,Lamont,Rounds,lroundsi1@opera.com,Male,Clermont-Ferrand,France
651,Dorelle,McGauhy,dmcgauhyi2@dedecms.com,Female,Cárdenas,Cuba
652,Jerry,Diplock,jdiplocki3@shutterfly.com,Female,Älmhult,Sweden
653,Dasya,Riggulsford,driggulsfordi4@dagondesign.com,Female,Yihe,China
654,Harris,Darree,hdarreei5@skyrock.com,Male,Białośliwie,Poland
655,Bran,Vinden,bvindeni6@wp.com,Male,Smålandsstenar,Sweden
656,Tova,Letts,tlettsi7@hubpages.com,Female,Geneng,Indonesia
657,Sabrina,Menat,smenati8@state.tx.us,Polygender,Krasnoye,Russia
658,Lindi,Bonsul,lbonsuli9@foxnews.com,Female,Qingtong,China
659,Nate,Glencorse,nglencorseia@webs.com,Male,Tawan tawan,Philippines
660,Dyan,Breward,dbrewardib@weibo.com,Female,Petaling Jaya,Malaysia
661,Isak,Filliskirk,ifilliskirkic@epa.gov,Male,El Arañado,Argentina
662,Robbie,Broose,rbrooseid@nyu.edu,Female,Golden,Canada
663,Thoma,Foden,tfodenie@liveinternet.ru,Male,Rodniki,Russia
664,Conrado,Baythrop,cbaythropif@ox.ac.uk,Male,Chabařovice,Czech Republic
665,Kaye,Tarpey,ktarpeyig@cnet.com,Female,Rząśnik,Poland
666,Glynn,De La Salle,gdelasalleih@gov.uk,Male,Laranjal Paulista,Brazil
667,Stanly,Rainville,srainvilleii@printfriendly.com,Male,Ponong,Philippines
668,Cash,Vallery,cvalleryij@symantec.com,Male,Photharam,Thailand
669,Krystle,Sillett,ksillettik@nbcnews.com,Female,Maxu,China
670,Bryon,Matthessen,bmatthessenil@sbwire.com,Male,Wenjī,Ethiopia
671,Logan,Struthers,lstruthersim@businessinsider.com,Male,Yanqi,China
672,Benetta,Matushenko,bmatushenkoin@youtu.be,Female,Vårdö,Aland Islands
673,Jorge,Lamke,jlamkeio@admin.ch,Male,Soanindrariny,Madagascar
674,Faber,Poad,fpoadip@cpanel.net,Male,Kalianget,Indonesia
675,Claudetta,Mackney,cmackneyiq@gmpg.org,Female,Likwatang Timur,Indonesia
676,Hanan,Neem,hneemir@usda.gov,Male,Kesambilerenkrajan,Indonesia
677,Derby,Siuda,dsiudais@phoca.cz,Agender,Gaoping,China
678,Agna,Crewther,acrewtherit@myspace.com,Female,Saint-Bruno-de-Guigues,Canada
679,Brit,Szimoni,bszimoniiu@macromedia.com,Male,Jūrmala,Latvia
680,Leona,Reef,lreefiv@shutterfly.com,Female,Lisewo Malborskie,Poland
681,Magdaia,Adnam,madnamiw@biblegateway.com,Female,Punta Cana,Dominican Republic
682,Yetta,Jochens,yjochensix@elegantthemes.com,Female,Petaling Jaya,Malaysia
683,Philippe,Bagott,pbagottiy@icio.us,Female,Arcachon,France
684,Cyril,Di Ruggero,cdiruggeroiz@google.com,Male,Leiden,Netherlands
685,Kaye,Boothebie,kboothebiej0@elegantthemes.com,Female,Cubatão,Brazil
686,Griffie,MacKettrick,gmackettrickj1@liveinternet.ru,Male,Watublapi,Indonesia
687,Neil,Sloley,nsloleyj2@github.io,Male,Dmitrov,Russia
688,Cleon,Cucinotta,ccucinottaj3@amazon.com,Male,Anjozorobe,Madagascar
689,Oran,Oldfield-Cherry,ooldfieldcherryj4@scribd.com,Male,Purwa,Indonesia
690,Bill,Knowlton,bknowltonj5@blogger.com,Female,Girijaya,Indonesia
691,Elaina,Grzesiewicz,egrzesiewiczj6@vistaprint.com,Female,Chaeryŏng-ŭp,North Korea
692,Cart,Treves,ctrevesj7@moonfruit.com,Male,Stockholm,Sweden
693,Julissa,Pischoff,jpischoffj8@biglobe.ne.jp,Polygender,Xiangzhou,China
694,Rainer,Gratton,rgrattonj9@4shared.com,Male,Buket Teukuh,Indonesia
695,Nolie,Sinson,nsinsonja@blogs.com,Female,Gustavia,Saint Barthelemy
696,Annemarie,Gerok,agerokjb@dell.com,Female,Presidente Bernardes,Brazil
697,Faustine,Gyer,fgyerjc@census.gov,Female,La Paz,Uruguay
698,Lianne,Loudon,lloudonjd@washington.edu,Female,Jiangzhou,China
699,Camella,Smidmore,csmidmoreje@ibm.com,Female,Van Nuys,United States
700,Norah,Wauchope,nwauchopejf@digg.com,Polygender,Leskovec pri Krškem,Slovenia
701,Harper,Olding,holdingjg@netscape.com,Male,Quwaysinā,Egypt
702,Retha,Olivetta,rolivettajh@accuweather.com,Female,Candelaria,Philippines
703,Alfonse,Iorio,aiorioji@virginia.edu,Male,Bene 'Ayish,Israel
704,Jamal,Fabbro,jfabbrojj@webnode.com,Male,Heka,China
705,Aylmar,Maplestone,amaplestonejk@xing.com,Male,Ebaye,Marshall Islands
706,Henrie,Langtry,hlangtryjl@feedburner.com,Female,Amos,Canada
707,Matty,Fenner,mfennerjm@phoca.cz,Genderfluid,Kijini,Tanzania
708,Raymund,Bodemeaid,rbodemeaidjn@google.ru,Male,Talangbetutu,Indonesia
709,Mariele,Beccera,mbeccerajo@themeforest.net,Female,Liushun,China
710,Barclay,Crookston,bcrookstonjp@epa.gov,Male,Santiago Nonualco,El Salvador
711,Korella,Barkhouse,kbarkhousejq@toplist.cz,Female,Batulawang,Indonesia
712,Templeton,Frape,tfrapejr@europa.eu,Male,Kawagoe,Japan
713,Brunhilda,Paladini,bpaladinijs@weebly.com,Female,Pokrovka,Kyrgyzstan
714,Rowland,Bovis,rbovisjt@reference.com,Male,Rokytnice nad Jizerou,Czech Republic
715,Chase,Morpeth,cmorpethju@facebook.com,Male,Jastrowie,Poland
716,Lissi,Lapthorn,llapthornjv@goo.gl,Female,San Isidro,Philippines
717,Karel,Culp,kculpjw@guardian.co.uk,Female,Tarouca,Portugal
718,Parry,Yeowell,pyeowelljx@ustream.tv,Male,Fortaleza,Brazil
719,Lowrance,Blything,lblythingjy@google.co.uk,Male,Campoalegre,Colombia
720,Krisha,Stapleford,kstaplefordjz@com.com,Genderqueer,Tiflet,Morocco
721,Jordain,Irving,jirvingk0@t-online.de,Female,Thị Trấn Yên Châu,Vietnam
722,Hynda,Barkaway,hbarkawayk1@163.com,Female,Long Hồ,Vietnam
723,Cordell,Mc Gaughey,cmcgaugheyk2@slate.com,Male,Lianhe,China
724,Jobina,Busse,jbussek3@howstuffworks.com,Non-binary,Jincun,China
725,Hobey,Jennrich,hjennrichk4@ucoz.ru,Male,Tengah,Indonesia
726,Inga,Josefs,ijosefsk5@amazon.de,Female,Aghajari,Iran
727,Guy,Schoenrock,gschoenrockk6@yahoo.com,Male,Singaraja,Indonesia
728,Gerhardt,Sandcroft,gsandcroftk7@nymag.com,Male,Rahayu,Indonesia
729,Aleta,Gebuhr,agebuhrk8@instagram.com,Agender,Mangaldan,Philippines
730,Abie,Astley,aastleyk9@stumbleupon.com,Male,Shenzhengqiao,China
731,Renault,Rushmere,rrushmereka@istockphoto.com,Male,Ban Ratsada,Thailand
732,Budd,Beadham,bbeadhamkb@eepurl.com,Male,Carolina,South Africa
733,Alain,Lavarack,alavarackkc@nps.gov,Male,Jastrzębia,Poland
734,Elsy,Gilchriest,egilchriestkd@microsoft.com,Female,Hushaat,Mongolia
735,Carmita,Alberti,calbertike@pinterest.com,Bigender,Hongjiaguan,China
736,Jerri,Reinisch,jreinischkf@hexun.com,Male,Zhongnan,China
737,Shaun,Beveredge,sbeveredgekg@wsj.com,Male,Otok,Croatia
738,Moritz,Dobby,mdobbykh@nyu.edu,Male,Cerrito,Paraguay
739,Kassi,Dafter,kdafterki@flickr.com,Female,Sucre,Bolivia
740,Yoshi,Sangster,ysangsterkj@tinypic.com,Female,Tarrafal,Cape Verde
741,Ferdinande,Tolfrey,ftolfreykk@bigcartel.com,Female,Kawengan,Indonesia
742,Freddie,Thody,fthodykl@unesco.org,Female,Garisul,Indonesia
743,Carrie,Bedle,cbedlekm@php.net,Female,Eksjö,Sweden
744,Pearle,Nafziger,pnafzigerkn@xinhuanet.com,Female,Seroa,Portugal
745,Lethia,Philippsohn,lphilippsohnko@ucsd.edu,Female,Dikwa,Nigeria
746,Kennith,Neild,kneildkp@reddit.com,Male,Dongjia,China
747,Lowe,Frosch,lfroschkq@dedecms.com,Male,Anlu,China
748,Hamnet,Bouts,hboutskr@hibu.com,Male,Vigan,Philippines
749,Frayda,Drayn,fdraynks@php.net,Female,Burayevo,Russia
750,Kenn,Lampaert,klampaertkt@state.tx.us,Male,Goiatuba,Brazil
751,Dorthy,Smithen,dsmithenku@miitbeian.gov.cn,Female,Tuba,China
752,Claudio,Wehnerr,cwehnerrkv@google.de,Male,Amiens,France
753,Mellisa,Wathan,mwathankw@mit.edu,Female,Wierzawice,Poland
754,Randi,Bitcheno,rbitchenokx@tinypic.com,Male,Chengzi,China
755,Leena,Jent,ljentky@sitemeter.com,Female,Pereira,Colombia
756,Gertrud,Gleader,ggleaderkz@nba.com,Bigender,Linchen,China
757,Irvin,Greenacre,igreenacrel0@stanford.edu,Male,Miskolc,Hungary
758,Adina,Larchiere,alarchierel1@upenn.edu,Non-binary,Weekombaka,Indonesia
759,Aridatha,Dempsey,adempseyl2@bluehost.com,Female,Xintang,China
760,Rodd,O'Hallihane,rohallihanel3@123-reg.co.uk,Male,Banjar Tiga,Indonesia
761,Harley,Ryson,hrysonl4@imageshack.us,Male,Černovice,Czech Republic
762,Dominick,Carty,dcartyl5@creativecommons.org,Male,Jīwani,Pakistan
763,Gonzales,Cloughton,gcloughtonl6@dyndns.org,Male,Leyuan,China
764,Cob,Yesenev,cyesenevl7@woothemes.com,Male,Songshu,China
765,Breena,Klassman,bklassmanl8@apache.org,Female,Kampungladang,Indonesia
766,Lorinda,Dillinger,ldillingerl9@sohu.com,Female,Trojanów,Poland
767,Phillip,Mendus,pmendusla@ezinearticles.com,Male,Obala,Cameroon
768,Carine,Old,coldlb@walmart.com,Female,Boncong,Indonesia
769,Vladimir,Baignard,vbaignardlc@google.co.uk,Male,Boro Utara,Indonesia
770,Gerhardt,Chesswas,gchesswasld@angelfire.com,Agender,Moryń,Poland
771,Gareth,Sabathe,gsabathele@upenn.edu,Male,Ogwashi-Uku,Nigeria
772,Hartwell,Knobell,hknobelllf@timesonline.co.uk,Male,Shalazhi,Russia
773,Tammy,Moggle,tmogglelg@wp.com,Male,Naples,United States
774,Elsbeth,Gwinnel,egwinnellh@admin.ch,Female,Savitaipale,Finland
775,Raphaela,Carragher,rcarragherli@yahoo.com,Female,Gaojiazhuang,China
776,Obadias,Rusk,orusklj@psu.edu,Male,Mazongshan,China
777,Germaine,Boxer,gboxerlk@elegantthemes.com,Female,Xuyong,China
778,Layney,Wooder,lwooderll@trellian.com,Female,Nanshao,China
779,Gideon,Fanshaw,gfanshawlm@gizmodo.com,Non-binary,Kampungruweh,Indonesia
780,Lorinda,Drayton,ldraytonln@slashdot.org,Genderfluid,Aurora,United States
781,Tiffanie,Charlick,tcharlicklo@weather.com,Female,Natitingou,Benin
782,Selma,Croley,scroleylp@mac.com,Female,Estaca,Philippines
783,Aida,Hyrons,ahyronslq@gov.uk,Female,Vänersborg,Sweden
784,Bradney,Sawbridge,bsawbridgelr@upenn.edu,Male,Jiangcun,China
785,Devinne,Borham,dborhamls@google.nl,Female,Abraham’s Bay,Bahamas
786,Garreth,Appleford,gapplefordlt@eepurl.com,Male,Bahaodi,China
787,Ivan,Inker,iinkerlu@sciencedirect.com,Male,Santa Cruz,Peru
788,Howard,Cuchey,hcucheylv@gmpg.org,Male,Yidu,China
789,Eliot,Phillipson,ephillipsonlw@sphinn.com,Male,Medellín,Colombia
790,Gilberto,Bignal,gbignallx@reverbnation.com,Male,Nedakonice,Czech Republic
791,Marylee,Shapiro,mshapiroly@npr.org,Polygender,Zhulin,China
792,Vasili,Kardos-Stowe,vkardosstowelz@meetup.com,Male,Kumba,Cameroon
793,Rik,Lightewood,rlightewoodm0@meetup.com,Male,Mar’’ina Horka,Belarus
794,Conant,Neenan,cneenanm1@constantcontact.com,Male,Shuanglong,China
795,Phil,Lomb,plombm2@yellowpages.com,Female,Perelyub,Russia
796,Penny,Burton,pburtonm3@google.it,Female,Grugul,Indonesia
797,Theodore,Jauncey,tjaunceym4@hibu.com,Male,Ehu,China
798,Ebeneser,Loughhead,eloughheadm5@buzzfeed.com,Male,Mogi das Cruzes,Brazil
799,Lidia,Doughill,ldoughillm6@bigcartel.com,Female,El Fasher,Sudan
800,Roshelle,Bartoloma,rbartolomam7@printfriendly.com,Bigender,Xuebu,China
801,Wallace,Looby,wloobym8@telegraph.co.uk,Male,Paupanda Bawah,Indonesia
802,Dorthea,Somerset,dsomersetm9@cocolog-nifty.com,Female,Shanglian,China
803,Fanya,Lyste,flystema@tmall.com,Female,Mlalo,Tanzania
804,Jenilee,Estable,jestablemb@lulu.com,Agender,Hongwŏn,North Korea
805,Guinna,Wildgoose,gwildgoosemc@samsung.com,Female,Zhangbei,China
806,Boonie,McGiffin,bmcgiffinmd@usda.gov,Male,Bocos,Philippines
807,Spense,Whitnall,swhitnallme@dailymail.co.uk,Non-binary,Sukarame,Indonesia
808,Bailie,Dewbury,bdewburymf@smh.com.au,Male,Quỳnh Côi,Vietnam
809,Elysia,Orgel,eorgelmg@storify.com,Female,Yubileyny,Russia
810,Letti,Vedntyev,lvedntyevmh@harvard.edu,Bigender,Kretinga,Lithuania
811,Risa,Milberry,rmilberrymi@sciencedirect.com,Female,Nice,France
812,Lind,Battisson,lbattissonmj@pagesperso-orange.fr,Female,Rizal,Philippines
813,Demetrius,Dandy,ddandymk@wisc.edu,Male,Mjölby,Sweden
814,Colan,Kitchingman,ckitchingmanml@discovery.com,Male,Timbulsari,Indonesia
815,Kristoffer,Fowkes,kfowkesmm@fc2.com,Male,Veliki Preslav,Bulgaria
816,Grace,Mulcahy,gmulcahymn@prnewswire.com,Polygender,Zhayang,China
817,Modesta,Du Fray,mdufraymo@slashdot.org,Female,Ismailia,Egypt
818,Grange,Divall,gdivallmp@gmpg.org,Male,Weifen,China
819,Innis,Lightewood,ilightewoodmq@theglobeandmail.com,Male,Bangunharja,Indonesia
820,Cherilyn,McLenaghan,cmclenaghanmr@jiathis.com,Female,Klenica,Poland
821,Orville,Antushev,oantushevms@bloomberg.com,Male,Shapaja,Peru
822,Gaston,Godding,ggoddingmt@cnbc.com,Bigender,Desa Gegempalan,Indonesia
823,Preston,Verden,pverdenmu@mozilla.com,Male,Qinghua,China
824,Sloan,Gulliman,sgullimanmv@gnu.org,Male,Vuokatti,Finland
825,Allyson,ffrench Beytagh,affrenchbeytaghmw@howstuffworks.com,Female,Yacheng,China
826,Corrie,Lambart,clambartmx@unicef.org,Female,Stavanger,Norway
827,Urban,Thaxter,uthaxtermy@bloglovin.com,Male,Sukowidodo Barat,Indonesia
828,Niki,Stork,nstorkmz@wsj.com,Male,Klang,Malaysia
829,Lemmy,Winwood,lwinwoodn0@howstuffworks.com,Male,Stockholm,Sweden
830,Evanne,Mattaus,emattausn1@macromedia.com,Female,Krikil,Indonesia
831,Fannie,Phettis,fphettisn2@usatoday.com,Female,Naawan,Philippines
832,Xymenes,Woodland,xwoodlandn3@usda.gov,Male,Longtang,China
833,Hobie,Fine,hfinen4@flavors.me,Male,Tiguha,Philippines
834,Ara,Fullun,afullunn5@oakley.com,Male,Altamira,Brazil
835,Tadeo,Curbishley,tcurbishleyn6@shinystat.com,Polygender,Balayang,Philippines
836,Felisha,Tythacott,ftythacottn7@wordpress.org,Female,Springfield,United States
837,Konrad,Dagger,kdaggern8@naver.com,Male,Jindui,China
838,Nolan,Giraldo,ngiraldon9@paginegialle.it,Male,Fresno,United States
839,Gram,Stone,gstonena@mediafire.com,Male,Thị Trấn Bắc Yên,Vietnam
840,Rivalee,Rebanks,rrebanksnb@symantec.com,Female,Pa Tio,Thailand
841,Mikel,Gaitskill,mgaitskillnc@sohu.com,Male,Malawag,Philippines
842,Abey,Decourcy,adecourcynd@livejournal.com,Male,Krajan Tanjungrejo,Indonesia
843,Kristi,Bulfoy,kbulfoyne@gizmodo.com,Female,Sabae,Japan
844,Pavla,Kitman,pkitmannf@usda.gov,Female,Masaguisi,Philippines
845,Ariella,Latter,alatterng@discovery.com,Female,Łobez,Poland
846,Roarke,Lanfranchi,rlanfranchinh@csmonitor.com,Male,Veiga,Portugal
847,Kamillah,Kitchingman,kkitchingmanni@va.gov,Female,Wuluo,China
848,Delmore,Ovitts,dovittsnj@example.com,Male,Manay,Philippines
849,Keith,Jocelyn,kjocelynnk@ucla.edu,Male,Oepuah,Indonesia
850,Claudelle,Dummigan,cdummigannl@irs.gov,Female,Bromma,Sweden
851,Tawnya,Danbi,tdanbinm@tripadvisor.com,Genderfluid,Santa Rita,Bolivia
852,Mikel,Mattschas,mmattschasnn@umich.edu,Male,Hualfín,Argentina
853,Pennie,Megainey,pmegaineyno@google.cn,Polygender,Thị Trấn Tà Lùng,Vietnam
854,Idalia,Forster,iforsternp@phoca.cz,Female,Vredefort,South Africa
855,Bendick,Keymar,bkeymarnq@cam.ac.uk,Male,Buenos Aires,Colombia
856,Libby,Houlson,lhoulsonnr@sbwire.com,Female,Volodarka,Ukraine
857,Orelia,Fakeley,ofakeleyns@google.it,Female,Deir Ḥannā,Israel
858,Drew,Plaxton,dplaxtonnt@wikia.com,Male,Huainan,China
859,Audry,Cranefield,acranefieldnu@so-net.ne.jp,Female,Peskovka,Russia
860,Arden,Alcock,aalcocknv@smh.com.au,Female,Kawengan,Indonesia
861,Cherice,Klinck,cklincknw@army.mil,Female,Shuiquan,China
862,Neal,Spurgin,nspurginnx@4shared.com,Male,Spytkowice,Poland
863,Adorne,Foote,afooteny@mapquest.com,Female,Stockholm,Sweden
864,Rusty,Scrogges,rscroggesnz@forbes.com,Male,Tārūt,Saudi Arabia
865,Joice,Ruggiero,jruggieroo0@mysql.com,Female,Lagunillas,Venezuela
866,Pippa,McLeoid,pmcleoido1@upenn.edu,Non-binary,Honghuatao,China
867,Arvin,Doulton,adoultono2@skype.com,Male,Dzaoudzi,Mayotte
868,Storm,Wildber,swildbero3@theguardian.com,Female,Nama,Philippines
869,Florry,Barczewski,fbarczewskio4@constantcontact.com,Female,Rokietnica,Poland
870,Cairistiona,Acres,cacreso5@godaddy.com,Female,Obroshyne,Ukraine
871,Shelia,Bliven,sbliveno6@facebook.com,Female,Šumperk,Czech Republic
872,Herb,O'Shirine,hoshirineo7@technorati.com,Male,Býšť,Czech Republic
873,Spencer,Toal,stoalo8@g.co,Male,Huolu,China
874,Hetty,Delion,hdeliono9@a8.net,Female,Sishiba,China
875,Gianna,Dobney,gdobneyoa@forbes.com,Female,Shahrud,Iran
876,Ingemar,Costi,icostiob@wikispaces.com,Male,Ḩarīb,Yemen
877,Jesse,Hancill,jhancilloc@ebay.co.uk,Non-binary,Az Ziyārah,Syria
878,Bevin,Paddle,bpaddleod@goodreads.com,Male,Corona,United States
879,Minerva,Sherreard,msherreardoe@discovery.com,Female,Karvia,Finland
880,Aveline,Spinelli,aspinelliof@washington.edu,Female,Gutian,China
881,Pansy,Petracek,ppetracekog@psu.edu,Female,Rongcheng,China
882,Lucila,MacMeeking,lmacmeekingoh@google.com,Female,Yuanmou,China
883,Leeland,Hulle,lhulleoi@archive.org,Male,Blagoevgrad,Bulgaria
884,Mirabel,McSkeagan,mmcskeaganoj@tripod.com,Female,Jurva,Finland
885,Ransell,Schlagman,rschlagmanok@google.fr,Male,Villa Paula de Sarmiento,Argentina
886,Constantin,Corlett,ccorlettol@vimeo.com,Male,Yicheng,China
887,Karel,Richardson,krichardsonom@acquirethisname.com,Female,Balindong,Philippines
888,Joshia,Mordie,jmordieon@feedburner.com,Male,Pisang,Indonesia
889,Bird,Relfe,brelfeoo@paypal.com,Female,Nýřany,Czech Republic
890,Jamill,Abeles,jabelesop@live.com,Bigender,Chaparral,Colombia
891,Nelly,Eliaz,neliazoq@marketwatch.com,Female,Garhi Khairo,Pakistan
892,Cathlene,Dunkinson,cdunkinsonor@icio.us,Female,Liozon,Philippines
893,Tim,Friman,tfrimanos@harvard.edu,Female,Tambakmerak,Indonesia
894,Cari,McLewd,cmclewdot@macromedia.com,Female,Lianzhou,China
895,Paddie,Camings,pcamingsou@auda.org.au,Male,Xiahan,China
896,Blondell,Pietrowicz,bpietrowiczov@cpanel.net,Polygender,Matagbak,Philippines
897,Billy,Revelle,brevelleow@google.it,Male,Kerema,Papua New Guinea
898,Bertie,Longhurst,blonghurstox@reuters.com,Female,Nova Friburgo,Brazil
899,Jareb,Lamprey,jlampreyoy@aol.com,Male,Xiagong,China
900,Wilie,Ziems,wziemsoz@miitbeian.gov.cn,Female,Qutqashen,Azerbaijan
901,Josefa,Ahrendsen,jahrendsenp0@vimeo.com,Female,Carmen,Philippines
902,Nevile,Veque,nvequep1@ow.ly,Male,Ilaya,Philippines
903,Wayland,Ayerst,wayerstp2@fda.gov,Male,Resende,Portugal
904,Way,Cooksey,wcookseyp3@netlog.com,Male,Undurkhaan,Mongolia
905,Gerald,Hilbourne,ghilbournep4@desdev.cn,Male,Ngujung,Indonesia
906,Krispin,Howe,khowep5@acquirethisname.com,Genderfluid,Eskilstuna,Sweden
907,Melinda,Zeplin,mzeplinp6@miitbeian.gov.cn,Non-binary,Marcabamba,Peru
908,Hilliary,Keeling,hkeelingp7@amazon.co.jp,Female,Ribeirão das Neves,Brazil
909,Ingemar,Mirrlees,imirrleesp8@clickbank.net,Male,Tielou,China
910,Fin,Philps,fphilpsp9@hud.gov,Male,Molodizhne,Ukraine
911,Johnette,Duguid,jduguidpa@reddit.com,Female,Patrang,Indonesia
912,Byran,Probet,bprobetpb@who.int,Male,Isaka,Tanzania
913,Heida,Tenpenny,htenpennypc@mozilla.com,Female,Guiwu,China
914,Kennith,Aldwick,kaldwickpd@google.fr,Male,Крушопек,Macedonia
915,Bret,Peddar,bpeddarpe@elegantthemes.com,Male,Okrika,Nigeria
916,Jeniece,McJerrow,jmcjerrowpf@ehow.com,Female,Jamban,Indonesia
917,Elsinore,Guyonneau,eguyonneaupg@csmonitor.com,Female,Ayolas,Paraguay
918,Kristos,Sergent,ksergentph@msu.edu,Male,Dengfang,China
919,Bryanty,Barbrook,bbarbrookpi@pbs.org,Male,Bagneux,France
920,Meta,Minocchi,mminocchipj@wisc.edu,Female,Thị Trấn Tủa Chùa,Vietnam
921,Manon,Springett,mspringettpk@google.ca,Female,Mernek,Indonesia
922,Wainwright,Janjic,wjanjicpl@scientificamerican.com,Male,Ljubovija,Serbia
923,Glynda,Sellan,gsellanpm@usgs.gov,Female,Fenggao,China
924,Jemmy,Throssell,jthrossellpn@example.com,Female,Alavus,Finland
925,Kennan,Riseborough,kriseboroughpo@scientificamerican.com,Male,Xigou,China
926,Car,Dabes,cdabespp@miitbeian.gov.cn,Male,Abū Sunbul,Egypt
927,Chicky,Curm,ccurmpq@live.com,Female,Minyat an Naşr,Egypt
928,Stanford,Howieson,showiesonpr@ox.ac.uk,Male,Calaba,Philippines
929,Stanwood,Keasey,skeaseyps@unesco.org,Male,Créteil,France
930,Annabal,Pyecroft,apyecroftpt@gmpg.org,Female,Kitāf,Yemen
931,Flori,Fulbrook,ffulbrookpu@bloomberg.com,Female,Carmen,Philippines
932,Haley,Fritzer,hfritzerpv@cbc.ca,Female,Cleveland,United States
933,Gustie,Sappson,gsappsonpw@dailymotion.com,Female,Mar’ina Roshcha,Russia
934,Noe,Casserley,ncasserleypx@weather.com,Male,Banawang,Philippines
935,Oneida,Clearley,oclearleypy@whitehouse.gov,Female,Vila Fria,Portugal
936,Marcos,Bursnoll,mbursnollpz@hexun.com,Male,Boa Esperança,Brazil
937,Dillon,Liger,dligerq0@examiner.com,Male,Stavropol’,Russia
938,Minni,Tappor,mtapporq1@google.fr,Female,Khamis Mushait,Saudi Arabia
939,Thorpe,Ryves,tryvesq2@blinklist.com,Polygender,Costa Rica,Brazil
940,Westbrooke,Cowup,wcowupq3@github.com,Male,Támara,Honduras
941,Florette,Llewellen,fllewellenq4@mozilla.org,Female,Moroni,Comoros
942,Patty,Coggles,pcogglesq5@economist.com,Female,Zanjān,Iran
943,Tildi,Arthars,tartharsq6@weather.com,Female,Turbiv,Ukraine
944,Monte,Wyllcock,mwyllcockq7@cnn.com,Male,Klatovy,Czech Republic
945,Willyt,Hamlett,whamlettq8@slideshare.net,Female,Châteauroux,France
946,Mike,Eastabrook,meastabrookq9@pcworld.com,Male,Niš,Serbia
947,Cleo,Cork,ccorkqa@craigslist.org,Female,Kebonagung,Indonesia
948,Lorrin,Causley,lcausleyqb@walmart.com,Female,Toroy,Indonesia
949,Derrek,Keel,dkeelqc@rambler.ru,Male,Hongchuan,China
950,Sandy,Struther,sstrutherqd@adobe.com,Female,Angers,France
951,Danie,Maud,dmaudqe@howstuffworks.com,Male,Banjar Buahan,Indonesia
952,Verne,Currington,vcurringtonqf@t.co,Male,Baima,China
953,Aindrea,Dikes,adikesqg@nymag.com,Female,Suwaru,Indonesia
954,Jesus,Linnitt,jlinnittqh@nba.com,Male,Guadalupe,Mexico
955,Twila,Bradbeer,tbradbeerqi@technorati.com,Female,Maoshan,China
956,Dasya,Divill,ddivillqj@etsy.com,Female,Duantan,China
957,Nanete,Twine,ntwineqk@ted.com,Female,Roissy Charles-de-Gaulle,France
958,Tabby,Rosenfield,trosenfieldql@hao123.com,Male,Moerewa,New Zealand
959,Sunshine,La Vigne,slavigneqm@theguardian.com,Female,La Estrella,Colombia
960,Nicolais,Freeberne,nfreeberneqn@google.es,Male,Waco,United States
961,Creighton,Wincom,cwincomqo@dropbox.com,Male,Ḩawsh ‘Īsá,Egypt
962,Janeva,Bain,jbainqp@rediff.com,Female,Milwaukee,United States
963,Westbrooke,Mault,wmaultqq@wufoo.com,Male,Montecristi,Ecuador
964,Orrin,Marcombe,omarcombeqr@theatlantic.com,Male,Montaigu,France
965,Hynda,Kopke,hkopkeqs@kickstarter.com,Female,Vallentuna,Sweden
966,Mohandas,Shutler,mshutlerqt@arizona.edu,Genderfluid,Chatturat,Thailand
967,Merci,Lawrenceson,mlawrencesonqu@google.es,Female,Morani,Macedonia
968,Vivien,Astin,vastinqv@stumbleupon.com,Female,Horní Suchá,Czech Republic
969,Wayland,Abbison,wabbisonqw@theglobeandmail.com,Male,Fucun,China
970,Riobard,Meiklem,rmeiklemqx@smugmug.com,Male,Yanshan,China
971,Lindsay,Gover,lgoverqy@sbwire.com,Female,Pjanići,Bosnia and Herzegovina
972,Cathee,McCloid,cmccloidqz@dedecms.com,Female,Susapaya,Peru
973,Tiffany,Calliss,tcallissr0@adobe.com,Female,Pajić Polje,Bosnia and Herzegovina
974,Jefferson,Gonzales,jgonzalesr1@sciencedaily.com,Male,Tala,Philippines
975,Artair,Newstead,anewsteadr2@arizona.edu,Male,Shuangshi,China
976,Lianna,Sandlin,lsandlinr3@guardian.co.uk,Female,Svislach,Belarus
977,Sheri,Hedney,shedneyr4@answers.com,Female,Esperantina,Brazil
978,Demott,Demicoli,ddemicolir5@icio.us,Male,Hongkou,China
979,Gretna,Geratasch,ggerataschr6@people.com.cn,Female,Huidong,China
980,Millisent,Scarce,mscarcer7@chron.com,Genderfluid,Guxi,China
981,Melisse,Ribeiro,mribeiror8@bizjournals.com,Bigender,Quán Hàu,Vietnam
982,Barbaraanne,Bretherton,bbrethertonr9@wordpress.com,Genderfluid,Giraldo,Colombia
983,Kelcey,Dyble,kdyblera@discovery.com,Female,Padej,Serbia
984,Darcy,Hew,dhewrb@sohu.com,Male,Xiaqiao,China
985,Latrena,Brussels,lbrusselsrc@list-manage.com,Female,Karangtengah,Indonesia
986,Minnnie,Malkie,mmalkierd@histats.com,Polygender,Buzhakan,Armenia
987,Harald,Muldownie,hmuldowniere@umich.edu,Male,Motala,Sweden
988,Cam,Bindley,cbindleyrf@liveinternet.ru,Male,Calinog,Philippines
989,Benjamen,Ullyott,bullyottrg@ycombinator.com,Male,Otradnoye,Russia
990,Buiron,Cosyns,bcosynsrh@epa.gov,Male,Jagiełła,Poland
991,Ruttger,Nazair,rnazairri@sun.com,Male,Arwād,Syria
992,Charisse,Gytesham,cgyteshamrj@nasa.gov,Female,Tōkamachi,Japan
993,Malvin,McNellis,mmcnellisrk@multiply.com,Male,Sundsvall,Sweden
994,Justina,Gregoriou,jgregoriourl@cnet.com,Female,Santa Iria de Azóia,Portugal
995,Jacklyn,Coniam,jconiamrm@domainmarket.com,Female,Bozoum,Central African Republic
996,Benedick,Steaning,bsteaningrn@reuters.com,Male,Linköping,Sweden
997,Hermann,Querrard,hquerrardro@1und1.de,Male,Huanghe,China
998,Eldridge,Weedall,eweedallrp@smugmug.com,Male,Ocumare de la Costa,Venezuela
999,Alexandre,Firmin,afirminrq@mysql.com,Male,Shangjin,China
1000,Abba,McCloid,amccloidrr@vistaprint.com,Non-binary,Waru,Indonesia
